{"client_meta":{"background_color":{"r":0.11764705926179886,"g":0.11764705926179886,"b":0.11764705926179886,"a":1},"thumbnail_size":{"width":43,"height":399},"render_coordinates":{"x":-283,"y":-9041,"width":1920,"height":17808}},"file_name":"Web Developer Intern Test Project"}